,0
2025-04-05,1
2025-04-06,2
2025-04-07,3
2025-04-08,4
2025-04-09,5
2025-04-10,6
2025-04-11,7
2025-04-12,8
2025-04-13,9
2025-04-14,10
2025-04-15,11
2025-04-16,12
2025-04-17,13
2025-04-18,14
2025-04-19,15
2025-04-20,16
2025-04-21,17
2025-04-22,18
2025-04-23,19
2025-04-24,20
2025-04-25,21
2025-04-26,22
2025-04-27,23
2025-04-28,24
2025-04-29,25
2025-04-30,26
2025-05-01,27
2025-05-02,28
2025-05-03,29
2025-05-04,30
2025-05-05,31
2025-05-06,32
2025-05-07,33
2025-05-08,34
2025-05-09,35
2025-05-10,36
2025-05-11,37
2025-05-12,38
2025-05-13,39
2025-05-14,40
2025-05-15,41
2025-05-16,42
2025-05-17,43
2025-05-18,44
2025-05-19,45
2025-05-20,46
2025-05-21,47
2025-05-22,48
2025-05-23,49
2025-05-24,50
2025-05-25,51
2025-05-26,52
2025-05-27,53
2025-05-28,54
2025-05-29,55
2025-05-30,56
2025-05-31,57
2025-06-01,58
2025-06-02,59
2025-06-03,60
2025-06-04,61
2025-06-05,62
2025-06-06,63
2025-06-07,64
2025-06-08,65
2025-06-09,66
2025-06-10,67
2025-06-11,68
2025-06-12,69
2025-06-13,70
2025-06-14,71
2025-06-15,72
2025-06-16,73
2025-06-17,74
2025-06-18,75
2025-06-19,76
2025-06-20,77
2025-06-21,78
2025-06-22,79
2025-06-23,80
2025-06-24,81
2025-06-25,82
2025-06-26,83
2025-06-27,84
2025-06-28,85
2025-06-29,86
2025-06-30,87
2025-07-01,88
2025-07-02,89
2025-07-03,90
2025-07-04,91
2025-07-05,92
2025-07-06,93
2025-07-07,94
2025-07-08,95
2025-07-09,96
2025-07-10,97
2025-07-11,98
2025-07-12,99
2025-07-13,100
2025-07-14,101
2025-07-15,102
2025-07-16,103
2025-07-17,104
2025-07-18,105
2025-07-19,106
2025-07-20,107
2025-07-21,108
2025-07-22,109
2025-07-23,110
2025-07-24,111
2025-07-25,112
2025-07-26,113
2025-07-27,114
2025-07-28,115
2025-07-29,116
2025-07-30,117
2025-07-31,118
2025-08-01,119
2025-08-02,120
2025-08-03,121
2025-08-04,122
2025-08-05,123
2025-08-06,124
2025-08-07,125
2025-08-08,126
2025-08-09,127
2025-08-10,128
2025-08-11,129
2025-08-12,130
2025-08-13,131
2025-08-14,132
2025-08-15,133
2025-08-16,134
2025-08-17,135
2025-08-18,136
2025-08-19,137
2025-08-20,138
2025-08-21,139
2025-08-22,140
2025-08-23,141
2025-08-24,142
2025-08-25,143
2025-08-26,144
2025-08-27,145
2025-08-28,146
2025-08-29,147
2025-08-30,148
2025-08-31,149
2025-09-01,150
2025-09-02,151
2025-09-03,152
2025-09-04,153
2025-09-05,154
2025-09-06,155
2025-09-07,156
2025-09-08,157
2025-09-09,158
2025-09-10,159
2025-09-11,160
2025-09-12,161
2025-09-13,162
2025-09-14,163
2025-09-15,164
2025-09-16,165
2025-09-17,166
2025-09-18,167
2025-09-19,168
2025-09-20,169
2025-09-21,170
2025-09-22,171
2025-09-23,172
2025-09-24,173
2025-09-25,174
2025-09-26,175
2025-09-27,176
2025-09-28,177
2025-09-29,178
2025-09-30,179
2025-10-01,180
2025-10-02,181
2025-10-03,182
2025-10-04,183
2025-10-05,184
2025-10-06,185
2025-10-07,186
2025-10-08,187
2025-10-09,188
2025-10-10,189
2025-10-11,190
2025-10-12,191
2025-10-13,192
2025-10-14,193
2025-10-15,194
2025-10-16,195
2025-10-17,196
2025-10-18,197
2025-10-19,198
2025-10-20,199
2025-10-21,200
